<ball name="common" size="30" mass="40" strands="2" 
      attachdist="300" speed="0.8" intelligence="0.8">

  <strand image="IMAGE_COMMON_STRAND" springconst="0.04" dampfac="0.0005" 
          maxlen2="120" maxlen1="200" maxforce2="10" maxforce1="20" />

  <state name="walk" default="true">
    <part name="body" image="IMAGE_COMMON_BALL" speedinc="2" updatedelay="300">
      <animations>
        <sinscale axis="x" freq="0.5" amp="0.2" shift="0" />
        <sinscale axis="y" freq="0.5" amp="0.2" shift="0.5" />
        <sintranslate axis="y" freq="0.5" amp="5" shift="0" />
        <swap image="IMAGE_COMMON_BLINK" freq="200,2000" duration="20,50"/>
      </animations>
      <region name="leftsocket">
        <circle cel="0,0" pos="-5,3" radius="4"/>
        <circle cel="0,1" pos="-5,3" radius="4"/>
        <circle cel="0,2" pos="-5,3" radius="4"/>
        <circle cel="1,0" pos="-5,3" radius="4"/>
        <circle cel="1,1" pos="-5,3" radius="4"/>
        <circle cel="1,2" pos="-5,3" radius="4"/>
        <circle cel="2,0" pos="-5,3" radius="4"/>
        <circle cel="2,1" pos="-5,3" radius="4"/>
        <circle cel="2,2" pos="-5,3" radius="4"/>
      </region>
      <region name="rightsocket">
        <circle cel="0,0" pos="5,3" radius="4"/>
        <circle cel="0,1" pos="5,3" radius="4"/>
        <circle cel="0,2" pos="5,3" radius="4"/>
        <circle cel="1,0" pos="5,3" radius="4"/>
        <circle cel="1,1" pos="5,3" radius="4"/>
        <circle cel="1,2" pos="5,3" radius="4"/>
        <circle cel="2,0" pos="5,3" radius="4"/>
        <circle cel="2,1" pos="5,3" radius="4"/>
        <circle cel="2,2" pos="5,3" radius="4"/>
      </region>
    </part>
  </state>

  <!-- state name="fall" image="IMAGE_COMMON_BALL"/ -->
  <!-- state name="drag" image="IMAGE_COMMON_BALL"/ -->
  <!-- state name="attached" image="IMAGE_COMMON_BALL"/ -->
  <!-- state name="detaching" image="IMAGE_COMMON_BALL"/ -->

</ball>
