<?xml version="1.0" ?>
<ResourceManifest>

  <!-- ======================== -->
	<!-- LOADING SCREEN RESOURCES -->
	<!-- ======================== -->

  <Resources id="init">
  </Resources>

  <!-- ===================== -->
	<!-- COMMON GAME RESOURCES -->
	<!-- ===================== -->

  <Resources id="common">
    <Image id="IMAGE_COMMON_BALL"	  path="images/common_ball" rows="3" cols="3" />
    <Image id="IMAGE_COMMON_BLINK"	path="images/common_blink" rows="3" cols="3" />
    <Image id="IMAGE_COMMON_STRAND"	path="images/spring_goo"/>
    <Image id="IMAGE_BALL_SHADOW"	  path="images/ballShadow"/>
		<Image id="IMAGE_BACKGROUND"		path="images/origBackground"/>
    <Font  id="FONT_DEFAULT"        path="fonts/Tahoma12Bold.txt"/>
  </Resources>

</ResourceManifest>
