<?xml version="1.0" ?>
<ResourceManifest>

  <!-- ======================== -->
	<!-- LOADING SCREEN RESOURCES -->
	<!-- ======================== -->

  <Resources id="init">
  </Resources>

  <!-- ===================== -->
	<!-- COMMON GAME RESOURCES -->
	<!-- ===================== -->

  <Resources id="common">
    <Image id="IMAGE_COMMON_BALL"	  path="res/images/common_ball"/>
    <Image id="IMAGE_COMMON_EYE1"	  path="res/images/eye1"/>
    <Image id="IMAGE_COMMON_EYE2"	  path="res/images/eye2"/>
    <Image id="IMAGE_COMMON_EYE3"	  path="res/images/eye3"/>
    <Image id="IMAGE_COMMON_SHADOW" path="res/images/ballShadow" />
    <Image id="IMAGE_COMMON_STRAND"	path="res/images/spring_goo"/>
    <Image id="IMAGE_BALL_SHADOW"	  path="res/images/ballShadow"/>
    <Image id="IMAGE_CLOUDFLUFFY"	  path="res/images/cloudfluffy"/>
    <Image id="IMAGE_BACKGROUND"		path="res/images/origBackground"/>
    <Image id="IMAGE_SELECTOR"	    path="res/images/selector"/>
    <Font  id="FONT_DEFAULT"        path="res/fonts/Tahoma12Bold.txt"/>
  </Resources>

</ResourceManifest>
