<menu name="main" pos="500,100">
  <button id="1" desc="Start Game"       pos="0,0"   image="IMAGE_START_GAME" overimg="IMAGE_START_GAME_OVER" downimg="IMAGE_START_GAME_DOWN" disabledimg="IMAGE_START_GAME_DISA"/>
  <button id="2" desc="Play Freeform"    pos="0,50"  image="IMAGE_PLAY_FREEFORM" />
  <button id="3" desc="Options"          pos="0,100" image="IMAGE_OPTIONS" />
  <button id="4" desc="Quit"             pos="0,150" image="IMAGE_QUIT" />
  <button id="5" desc="Special Features" pos="0,200" image="IMAGE_SPECIAL" submenu="specialfeatures"/>
</menu>

<menu name="options" pos="500,100">
  <scrollbar id="6" desc="Sound Volume" pos="0,0"   min="0" max="100" font="FONT_DEFAULT" overfont="FONT_DEFAULT" downfont="FONT_DEFAULT" disabledfont="FONT_DEFAULT" />
  <scrollbar id="7" desc="Music Volume" pos="0,50"  min="0" max="100" font="FONT_DEFAULT" overfont="FONT_DEFAULT" downfont="FONT_DEFAULT" disabledfont="FONT_DEFAULT" />
  <checkbox  id="8" desc="3D Enabled"   pos="0,100" font="FONT_DEFAULT" overfont="FONT_DEFAULT" downfont="FONT_DEFAULT" disabledfont="FONT_DEFAULT" />
  <checkbox  id="9" desc="Full Screen"  pos="0,150" font="FONT_DEFAULT" overfont="FONT_DEFAULT" downfont="FONT_DEFAULT" disabledfont="FONT_DEFAULT" />
</menu>

<menu name="gameoptions" pos="500,100">
  <button    id="10" desc="Restart Level" pos="0,0"   image="IMAGE_RESTART_LEVEL" />
  <button    id="11" desc="Abort Game"    pos="0,50"  image="IMAGE_ABORT_GAME" />
  <button    id="17" desc="Resume Game"   pos="0,100" image="IMAGE_RESUME_GAME" />
  <!-- scrollbar id="6"  desc="Sound Volume"  min="0" max="100" font="FONT_DEFAULT" overfont="FONT_DEFAULT" downfont="FONT_DEFAULT" disabledfont="FONT_DEFAULT" />
  <scrollbar id="7"  desc="Music Volume"  min="0" max="100" font="FONT_DEFAULT" overfont="FONT_DEFAULT" downfont="FONT_DEFAULT" disabledfont="FONT_DEFAULT" />
  <checkbox  id="8"  desc="3D Enabled"    font="FONT_DEFAULT" overfont="FONT_DEFAULT" downfont="FONT_DEFAULT" disabledfont="FONT_DEFAULT" />
  <scrollbar id="9"  desc="Music Volume"  font="FONT_DEFAULT" overfont="FONT_DEFAULT" downfont="FONT_DEFAULT" disabledfont="FONT_DEFAULT" / -->
</menu>

<menu name="specialfeatures" pos="500,100">
  <!-- button id="12" desc="Create Your Own Goo Balls"  image="IMG1"/ -->
  <button id="13" desc="Create Your Own Levels"     image="IMAGE_CREATE_LEVEL"/>
  <!-- button id="14" desc="Create Your Own World"      image="IMG1"/>
  <button id="15" desc="Share Your Creations"       image="IMG1"/>
  <button id="16" desc="Download Creations"         image="IMG1"/ -->
</menu>
