<?xml version="1.0" ?>
<ResourceManifest>

  <!-- ======================== -->
	<!-- LOADING SCREEN RESOURCES -->
	<!-- ======================== -->

  <Resources id="init">
    <Image id="IMAGE_LOADING_SCREEN"	      path="res/images/whiteBackground"/>
    <Image id="IMAGE_LOADING_BAR_EMPTY"	    path="res/images/progress1e"/>
    <Image id="IMAGE_LOADING_BAR_FULL"	    path="res/images/progress1f"/>
    <Image id="IMAGE_LOADING_BUTTON_NORMAL"	path="res/images/continue"/>
    <Image id="IMAGE_LOADING_BUTTON_OVER"	  path="res/images/continue_over"/>
  </Resources>

  <!-- ===================== -->
	<!-- COMMON GAME RESOURCES -->
	<!-- ===================== -->

  <Resources id="common">
    <Font  id="FONT_DEFAULT"        path="res/fonts/Tahoma12Bold.txt"/>
    
    <!-- menu images -->
    <Image id="IMAGE_START_GAME"	    path="res/images/start"/>
    <Image id="IMAGE_START_GAME_OVER"	path="res/images/start_over"/>
    <Image id="IMAGE_START_GAME_DOWN"	path="res/images/start_down"/>
    <Image id="IMAGE_START_GAME_DISA" path="res/images/start_disa"/>
    <Image id="IMAGE_PLAY_FREEFORM"	  path="res/images/freeform"/>
    <Image id="IMAGE_OPTIONS"	        path="res/images/options"/>
    <Image id="IMAGE_QUIT"	          path="res/images/quit"/>
    <Image id="IMAGE_SPECIAL"	        path="res/images/special"/>
    <Image id="IMAGE_CREATE_LEVEL"	  path="res/images/createlevel"/>
    <Image id="IMAGE_CHANGE_PROFILE"	path="res/images/changeprofile"/>
    <Image id="IMAGE_NEW_PROFILE"	    path="res/images/newprofile"/>
    <Image id="IMAGE_SELECT_PROFILE"	path="res/images/selectprofile"/>
    <Image id="IMAGE_DELETE_PROFILE"	path="res/images/deleteprofile"/>
    <Image id="IMAGE_RESTART_LEVEL"	  path="res/images/restartlevel"/>
    <Image id="IMAGE_ABORT_GAME"	    path="res/images/abortgame"/>
    <Image id="IMAGE_RESUME_GAME"	    path="res/images/resumegame"/>

    <!-- Common dialog stuff -->
    <Image id="IMAGE_DIALOG"	      path="res/images/dialogbox_plain"/>
    <Image id="IMAGE_OK_BUTTON"	    path="res/images/okbutton"/>
    <Image id="IMAGE_SELECTOR"	    path="res/images/selector"/>

    <!-- LevelBuilder dialog stuff -->
    <Image id="IMAGE_LB_BTN_SELECTMODE_UP"  path="res/images/lb_btn_selectmode_up"/>
    <Image id="IMAGE_LB_BTN_SELECTMODE_OVR"  path="res/images/lb_btn_selectmode_ovr"/>
    <Image id="IMAGE_LB_BTN_SELECTMODE_DN"  path="res/images/lb_btn_selectmode_dn"/>
    <Image id="IMAGE_LB_BTN_BALLMODE_UP"  path="res/images/lb_btn_ballmode_up"/>
    <Image id="IMAGE_LB_BTN_BALLMODE_OVR"  path="res/images/lb_btn_ballmode_ovr"/>
    <Image id="IMAGE_LB_BTN_BALLMODE_DN"  path="res/images/lb_btn_ballmode_dn"/>

  </Resources>

</ResourceManifest>
